,network_energy_and_bot_energy
0,-3.854530220721546e-27
1,-3.714321981742922e-27
2,-3.265130649918101e-27
3,-3.1978509451031816e-27
4,-3.057642706124559e-27
5,-2.6365613527845757e-27
6,-2.5201527508687165e-27
7,-2.4979089690207042e-27
8,-2.273441906455555e-27
9,-2.21396917769669e-27
10,-2.1185338385129335e-27
11,-2.1185338385129335e-27
12,-2.1185338385129335e-27
13,-2.1000438979934233e-27
14,-2.1000438979934226e-27
15,-1.967258333283528e-27
16,-1.747630127887018e-27
17,-1.3873195581490674e-27
18,-1.1636164164497016e-27
19,-1.119060830753492e-27
20,-1.0517414466357411e-27
21,-1.00374686566147e-27
22,-9.888798668714757e-28
23,-5.825433759623398e-28
24,-5.825433759623396e-28
25,-5.63085274410986e-28
26,-5.365174547911524e-28
27,-5.365174547911522e-28
28,-5.1568227288806e-28
29,-4.29347684365388e-28
30,-4.085206151864889e-28
31,-3.940371662398094e-28
32,-3.6031056973795015e-28
33,-3.14740540918114e-28
34,-2.1392250344876277e-28
35,-1.9566498660455311e-28
36,9.205184234237116e-29
37,1.762068850532022e-28
38,1.7620688505320238e-28
39,5.286206551596056e-28
40,1.1571899522931318e-27
41,1.6893389904503982e-27
42,1.693707407084285e-27
43,1.693707407084285e-27
44,2.2303847671423376e-27
45,2.2712443374781217e-27
46,2.3648158759337795e-27
47,2.5879182736154548e-27
48,3.0505667796553866e-27
49,3.1270528864045384e-27
50,3.1441383181110452e-27
51,3.184997888446829e-27
52,4.031847423691371e-27
53,4.031847423691372e-27
54,5.273122705569148e-27
55,8.308123749631314e-27
56,3.4171073927768617e-12
57,3.4171073927768633e-12
58,3.4171073927768633e-12
59,5.125661089165292e-12
60,5.125661089165293e-12
61,5.125661089165293e-12
62,5.125661089165294e-12
63,5.125661089165294e-12
64,5.1256610891652955e-12
65,1.3668429571107427e-11
66,1.3668429571107427e-11
67,1.3668429571107434e-11
68,1.3668429571107434e-11
69,1.3668429571107434e-11
70,1.3668429571107434e-11
71,1.3668429571107434e-11
72,1.3668429571107435e-11
73,1.3668429571107437e-11
74,1.3668429571107437e-11
75,1.3668429571107437e-11
76,1.3668429571107437e-11
77,1.3668429571107439e-11
78,1.3668429571107439e-11
79,1.3668429571107439e-11
80,1.3668429571107439e-11
81,0.0031091334209243393
82,0.00325849058714584
83,0.0032910388639931744
84,0.003454177173561174
85,0.003515291188100531
86,0.0035494389923101106
87,0.003611718627459954
88,0.0036326686285681185
89,0.0036413480787894723
90,0.0038915665198461734
91,0.004007506437195825
92,0.004033446161224081
93,0.004053118408894746
94,0.004174251956224448
95,0.004692811511524231
96,0.004760874851068729
97,0.0068813416768954
98,0.0069179919124570605
99,0.0070930618830732295
100,0.0075638484569004365
101,0.00770720233747182
102,0.0078046116257129835
103,0.007880209468719052
104,0.008068040825132808
105,0.008089345331684194
106,0.008109681130130329
107,0.008175728275249082
108,0.00832332683993495
109,0.008838913807246935
110,0.008850948945047649
111,0.008871008597069633
112,0.010171299861169878
113,0.010898594851195804
114,0.01115448524918636
115,0.011800454901186528
116,0.012789567447475544
117,0.01280874809483903
118,0.012897395932824842
119,0.012939048882072783
120,0.013000955680262959
121,0.01310223303245085
122,0.01325212514693627
123,0.013275595531111822
124,0.013463749980703587
125,0.013464961628393538
126,0.013599291860759383
127,0.013741928740297789
128,0.013784591563348167
129,0.01395039198597071
130,0.014074053321940888
131,0.014101413212545554
132,0.014167577612659975
133,0.01442976986099713
134,0.01453360995443984
135,0.014579994637075098
136,0.014592340581411872
137,0.014604346050600264
138,0.014659606826003691
139,0.014798888746370028
140,0.014833250449429467
141,0.014841791524135256
142,0.014886263946877832
143,0.01488756087055295
144,0.014888823678132925
145,0.014898712939408292
146,0.014941216471280168
147,0.014993330277999914
148,0.014997489760543261
149,0.0150536233132991
150,0.015135705007972124
151,0.015153836620021198
152,0.015214705791962298
153,0.015235117778794651
154,0.015243850817568832
155,0.015254444160676376
156,0.01527191081156155
157,0.015312089602864553
158,0.015317464930236993
159,0.015337609873531416
160,0.0153586947559251
161,0.015370874758800628
162,0.015454248274012832
163,0.015468038868653788
164,0.015493960770841631
165,0.015506443725570715
166,0.015509329555123266
167,0.015514644668624709
168,0.015521755137727933
169,0.015524072364796674
170,0.01553457614374382
171,0.015536707756015386
172,0.01554361067991869
173,0.015569444205597827
174,0.015600049666238531
175,0.015629260893282426
176,0.015629581733977348
177,0.01566605910549751
178,0.015672388167155406
179,0.01570910880575643
180,0.015723508277531863
181,0.015741568898617383
182,0.01582917624003024
183,0.015870648522985135
184,0.015871233648185563
185,0.015897708772120992
186,0.015918257354927922
187,0.015919008558616825
188,0.015950152541274822
189,0.015959828682486202
190,0.01596981585437356
191,0.016013699408324804
192,0.016019546236355185
193,0.0160484275689448
194,0.016091243387192585
195,0.01610483449654907
196,0.016116392630311328
197,0.01615416743546132
198,0.01615483606179844
199,0.016162213269275028
200,0.016176692200924967
201,0.016223316415829032
202,0.016225086274076494
203,0.016226865017758038
204,0.016251855584445182
205,0.016256637737676816
206,0.016261443814624393
207,0.01626784441546349
208,0.016296981685673357
209,0.01634978877467347
210,0.016379881980982794
211,0.016419483214505308
212,0.016426679812753763
213,0.01645458962903886
214,0.016630871195257104
215,0.01669524029966948
216,0.016696581421742348
217,0.01669916226315544
218,0.01670591927497933
219,0.016721562787589433
220,0.016736127970298706
221,0.016772642801167713
222,0.01677424749781696
223,0.016782613029344265
224,0.016824733748004195
225,0.01684134697010248
226,0.016859622603868012
227,0.016861379932535104
228,0.01688376543974102
229,0.01689948649004199
230,0.017039978949218906
231,0.017043046173252203
232,0.017044286710369245
233,0.017065462263696738
234,0.017083880886018317
235,0.017105887969331653
236,0.01714461566436034
237,0.01715276939913944
238,0.01715648324624475
239,0.017158601362703273
240,0.017174802601220014
241,0.017211925659231613
242,0.017215895644878028
243,0.01723814634786533
244,0.017244271090241747
245,0.01725556747494145
246,0.01730023666652311
247,0.017322699029111554
248,0.017354512259019704
249,0.017354548839533395
250,0.01735816521702348
251,0.017390187481743476
252,0.01740401421732825
253,0.017439502994525725
254,0.017509668599530723
255,0.017560920997707802
256,0.017602669765733304
257,0.01765032749400797
258,0.017688089473133706
259,0.017706374180660418
260,0.01771653774230324
261,0.017751109689118454
262,0.017759160212259664
263,0.01776592418434413
264,0.01782685905396891
265,0.01786982629740148
266,0.017877809353944726
267,0.017885854783868577
268,0.01791855635909677
269,0.017935118962835787
270,0.017956031176171016
271,0.01796158111104781
272,0.017988514036554052
273,0.018020251491496532
274,0.01815547469289548
275,0.01815945339417796
276,0.01816770328571741
277,0.018174349028688707
278,0.01817753009908662
279,0.018185707073522343
280,0.018189282546317163
281,0.01821170611606439
282,0.018227274790690032
283,0.01822739960513934
284,0.018234103548469858
285,0.01823979611388656
286,0.01824303787634089
287,0.018246472940084628
288,0.01824852537048868
289,0.018250944820423703
290,0.018253327051080855
291,0.018257677942863974
292,0.01825993848133609
293,0.018268624763791746
294,0.018277300797419092
295,0.018290396940974972
296,0.018306273305794696
297,0.018346325978634736
298,0.018372439641405593
299,0.018380794992081215
300,0.01840430933427325
301,0.018409663915185656
302,0.01846768420518882
303,0.018493336824044686
304,0.01851613967565054
305,0.018516523580069597
306,0.018541701895193045
307,0.0185721901265441
308,0.01859365373402949
309,0.018599778879400775
310,0.018606218291756457
311,0.0186288300491341
312,0.01865103026655939
313,0.018655819757434574
314,0.018697820199524692
315,0.01869881592237079
316,0.018700448974738666
317,0.018779270235470106
318,0.018796906972928875
319,0.018860219291734755
320,0.018877415373895635
321,0.0188948215865361
322,0.01890255600315304
323,0.018921015631756525
324,0.01893376262420519
325,0.01895455661908894
326,0.018954849457692702
327,0.018972577040464
328,0.0189877572363748
329,0.01899128620325945
330,0.01899535121487885
331,0.01901161914769949
332,0.01901496238752377
333,0.019048964033098286
334,0.019050372509848888
335,0.01908387179838364
336,0.019126293301340056
337,0.019135800291192214
338,0.019140258965192874
339,0.01914501794782418
340,0.01914702501242132
341,0.01914768560496906
342,0.01915373255072156
343,0.01919314827875881
344,0.019208801721325906
345,0.019212852948816524
346,0.019241174672258537
347,0.019246297584319234
348,0.019269955381183663
349,0.019295342247032454
350,0.019298750692489954
351,0.01934363491909503
352,0.01934598161992176
353,0.019347730150774203
354,0.01936566631951416
355,0.019366768899772804
356,0.01940020460776553
357,0.01941757986347947
358,0.019423786918463543
359,0.01946046809366756
360,0.019462276462528977
361,0.019483926930286957
362,0.019489895714702467
363,0.01949055606340893
364,0.01951849262402885
365,0.019519624414655105
366,0.019520576584616395
367,0.0195310578203811
368,0.019541861245312268
369,0.01956386970243436
370,0.01959514332437742
371,0.019603038692562663
372,0.01965148813249985
373,0.01966364782260171
374,0.01967346822741437
375,0.019702092641811275
376,0.01971783150295892
377,0.019745841844795387
378,0.019794913868882564
379,0.01979940693293918
380,0.019806048815174143
381,0.019826790827085636
382,0.019866509840095987
383,0.019879512917972474
384,0.01989283553271977
385,0.019897261501524193
386,0.019923300236434297
387,0.019929856549444118
388,0.019935913455571354
389,0.019976764570869266
390,0.01998936657892056
391,0.01999005952151939
392,0.019990703209957564
393,0.019992719300959062
394,0.019994458449989753
395,0.01999700550369751
396,0.020012972897513852
397,0.020026345349267522
398,0.02003804044813336
399,0.020039093393835666
400,0.02005030398530848
401,0.020085189884143605
402,0.020108745800698
403,0.02011369359051067
404,0.020115162036272914
405,0.02012439126517389
406,0.020160389231796295
407,0.02018447945041355
408,0.02018610053366915
409,0.020188804116869092
410,0.02019026943072201
411,0.020196176585718147
412,0.02022943203477842
413,0.020238931444752098
414,0.02023937119247402
415,0.020246971251551588
416,0.020277146409941823
417,0.020291790413532206
418,0.020305861352356108
419,0.02030841822355241
420,0.02032305969288368
421,0.020328990181231705
422,0.020343755120524228
423,0.020353066248378245
424,0.020355726985482405
425,0.020394311836298393
426,0.020399767775079545
427,0.020405564913782683
428,0.020432961306372115
429,0.020434635722656774
430,0.020464025839916494
431,0.02048170757499562
432,0.020488236772568526
433,0.02050193895150774
434,0.020509146788978447
435,0.02054350216346275
436,0.02055659371182769
437,0.02055667456717464
438,0.020571237164959517
439,0.020606230549999265
440,0.02060800853779136
441,0.02060904783901573
442,0.02063754430648555
443,0.02066474801934902
444,0.020669497423174286
445,0.02068050912831129
446,0.02070769949078341
447,0.020710688123300923
448,0.020719890094160733
449,0.02072734658702655
450,0.020730955903189234
451,0.020746560045413143
452,0.020748653756852684
453,0.020772152313078437
454,0.020776092522890113
455,0.020793178748352927
456,0.02080652092467545
457,0.020812991934711443
458,0.020819072015800553
459,0.02083323421518289
460,0.02084546454686758
461,0.020863944148642823
462,0.020870815055814347
463,0.02087672568868571
464,0.020898818355728883
465,0.020916401255236913
466,0.020922373255212335
467,0.02094009949446491
468,0.020958657540514705
469,0.02097505466666867
470,0.020980362221869046
471,0.02099071065822246
472,0.02102501983249062
473,0.021026829896509284
474,0.02103198458767818
475,0.021040126938005964
476,0.02104711723379385
477,0.021068044581637572
478,0.021078618860259295
479,0.021093445778789768
480,0.021095892651280784
481,0.02110239666114
482,0.021114915357280325
483,0.02111858501664904
484,0.021143735973986867
485,0.021159327634567817
486,0.02116079125064636
487,0.021182371632149213
488,0.021183496617497286
489,0.021202824299416258
490,0.02121748255679797
491,0.02125749803216154
492,0.021262315424235352
493,0.021265261806555878
494,0.02126558338372984
495,0.021275934642706742
496,0.021326191551336623
497,0.021336691662650845
498,0.02135636993203248
499,0.021390858357799563
500,0.02141225076017503
501,0.021442205529131876
502,0.02144748946964169
503,0.02146102522990805
504,0.021461980915166486
505,0.021481006625439426
506,0.02152525812540431
507,0.021527939279020542
508,0.021537415638446293
509,0.02153757836942942
510,0.02154639389167203
511,0.02154703639113962
512,0.02159280318103152
513,0.02160331294748139
514,0.02160631237554438
515,0.02160672747647422
516,0.021616180336004737
517,0.021636742664755307
518,0.021637291175566307
519,0.021686724897410352
520,0.021732663944188588
521,0.02173689143975529
522,0.02174156723735906
523,0.021767065760750225
524,0.02177793130894091
525,0.021815623728889382
526,0.021826568335161237
527,0.021827887232817
528,0.021832382470272117
529,0.02185931325682085
530,0.02187639411735063
531,0.021881555201457913
532,0.02189172677656855
533,0.021926292523089707
534,0.021944547878590903
535,0.021947691862818128
536,0.02195472899193704
537,0.021974345023569063
538,0.02199245290054845
539,0.02203855313339286
540,0.022075710072492673
541,0.022076331705190404
542,0.02207781037409873
543,0.022082705156810642
544,0.022083639165686536
545,0.022091814217666702
546,0.02210091938311693
547,0.022110429576233524
548,0.022132789205976607
549,0.02213758402063216
550,0.02213796343462766
551,0.022140091907998566
552,0.022143383456372782
553,0.02214351925381833
554,0.022167334897789204
555,0.02217865610314173
556,0.022190324821273987
557,0.022201686141273
558,0.022215774826450773
559,0.022237149237006072
560,0.02225030877323508
561,0.022281263542037064
562,0.02228739797967884
563,0.022289668393501865
564,0.022305112213488146
565,0.0223095949723624
566,0.022319759245321837
567,0.022328418996053416
568,0.022348587768072196
569,0.02237105139162349
570,0.022378086678276572
571,0.02242894046459832
572,0.022448483342464392
573,0.022450476361070424
574,0.022463977749193207
575,0.022489401413349683
576,0.022491242753057403
577,0.02249918002170953
578,0.02250345340190084
579,0.022506964991108654
580,0.022534494678733127
581,0.022542881118749507
582,0.0225549196488958
583,0.02261004725110759
584,0.022613300954371886
585,0.022626926461450127
586,0.022675059059943912
587,0.02267821622053833
588,0.02268758598836115
589,0.022705864887462457
590,0.022707038386798876
591,0.022708633698833258
592,0.02272322917817292
593,0.022738673332586123
594,0.02274136922926494
595,0.02274299127436383
596,0.02274991267716608
597,0.022756151914174415
598,0.022773490357040415
599,0.022781513349637593
600,0.02278895845595171
601,0.022800571729651945
602,0.022804616157159667
603,0.022811608615761685
604,0.022825215276530194
605,0.022838845735445184
606,0.02283885204741503
607,0.02288561986418977
608,0.022891851183893055
609,0.02294341750862132
610,0.02296670911042167
611,0.022967056528116005
612,0.02296981913731163
613,0.023020708821056897
614,0.023023080761426493
615,0.02303484225288635
616,0.0230478030864793
617,0.023059136598657975
618,0.02311070158360834
619,0.023111166599888645
620,0.023113296248013896
621,0.02311530591402271
622,0.02313297273054812
623,0.02315796237990886
624,0.023167845508382086
625,0.02319764351584794
626,0.023200873807683747
627,0.023211202104348645
628,0.023215350466906367
629,0.023222245928526494
630,0.023231779646837803
631,0.023237139861288558
632,0.023254099414422285
633,0.023255036986536692
634,0.023280960346931095
635,0.02329464896242006
636,0.023297984789254912
637,0.023305620539559903
638,0.02330655714760433
639,0.023314691639272002
640,0.023315898553719516
641,0.02332412605617849
642,0.023327752557053816
643,0.02333391709373076
644,0.023338241822532135
645,0.02335854422544058
646,0.023365391098312094
647,0.023372861558822535
648,0.023374130473087625
649,0.023384995828299514
650,0.023399090926836195
651,0.023407106082639344
652,0.02343875188994782
653,0.023466954249299492
654,0.023476724640416995
655,0.023519241847113785
656,0.023533529353172253
657,0.02358445415265852
658,0.023585972820348876
659,0.02365216215759873
660,0.023665124849350395
661,0.023667772801554972
662,0.023674299883935847
663,0.023678213976940927
664,0.02367972880604236
665,0.023704426387282533
666,0.023730294114283023
667,0.02373154702899292
668,0.023755943887489448
669,0.023758464414099626
670,0.02380669648887022
671,0.02381054332076093
672,0.023819534482514417
673,0.023831981409784892
674,0.02383355973094297
675,0.023869613908907083
676,0.023883913806200828
677,0.02388702906804219
678,0.023902671040979647
679,0.023930220252119595
680,0.023940097548709783
681,0.02395917342309522
682,0.02397185324947358
683,0.023977675838346584
684,0.02398157866610393
685,0.024003661034866494
686,0.024023493663848032
687,0.02404114758493101
688,0.02404433104903251
689,0.024052237222643703
690,0.024055819663997776
691,0.024122191080243282
692,0.024138509960741995
693,0.024156124694141044
694,0.02417615849916766
695,0.024220559720831394
696,0.024244553470596435
697,0.024244910273128997
698,0.024275064536211796
699,0.024293051137639382
700,0.024293490927083366
701,0.02429701046928668
702,0.0243749726119879
703,0.0243860819499756
704,0.024389786757270892
705,0.02439401929309191
706,0.024406750353816366
707,0.02442695641567637
708,0.024458969670842847
709,0.024495633121910405
710,0.024497572701082375
711,0.024499946779587996
712,0.024523643561529224
713,0.02452473201050404
714,0.024526066171648705
715,0.024529835244011214
716,0.024546384768008564
717,0.024550722954433307
718,0.024569624044110287
719,0.024635541992625947
720,0.024670397840274135
721,0.024676687389876186
722,0.024680503157877075
723,0.02469743261037404
724,0.024702493033557826
725,0.024750736102845398
726,0.024771293513693306
727,0.024777829909016006
728,0.024790677915954757
729,0.024794487496656675
730,0.024802366210280338
731,0.02481306772749315
732,0.024813916127402618
733,0.02481447898615495
734,0.024862807716270308
735,0.024876403186163673
736,0.024898307389995763
737,0.024900910032806194
738,0.024920740084062427
739,0.02495593984366742
740,0.024956732677115172
741,0.024990497075118027
742,0.025011537217366382
743,0.025017163847981916
744,0.02510725024940357
745,0.025113093943287923
746,0.02511629543040911
747,0.025129786924468503
748,0.025132247645327007
749,0.025160244134848603
750,0.025173707146028373
751,0.02518858988411843
752,0.025204938940205368
753,0.025209753896731246
754,0.02521785539086587
755,0.025235822414693174
756,0.025311977721434217
757,0.02535866859941663
758,0.0253738981592671
759,0.02537996357685955
760,0.025390176945553795
761,0.025404848278609067
762,0.025408311661222146
763,0.02543230627585071
764,0.025450462727601163
765,0.025454631975109283
766,0.0254702529258975
767,0.025475860882247403
768,0.025477914156230946
769,0.025484591239367284
770,0.02549642153116656
771,0.02550171005261644
772,0.025527654412940335
773,0.02553148882122669
774,0.025539159790274366
775,0.025561122349638674
776,0.025568284090284707
777,0.02558050092978024
778,0.02558294956969329
779,0.025584105837650924
780,0.025635321355475936
781,0.025644123773936125
782,0.025651921711034358
783,0.0256563568210795
784,0.025665527211622394
785,0.02566634476693719
786,0.0256676105014175
787,0.02566861790888559
788,0.025687285901472685
789,0.025727130651808334
790,0.025750394530486727
791,0.025759375110217086
792,0.025761974326451595
793,0.025809387778943097
794,0.02581199476978688
795,0.025813805176386498
796,0.025838654934916782
797,0.025839344778986154
798,0.025862593997636286
799,0.025876787222476594
800,0.025888434487524557
801,0.025888877229553978
802,0.025889981248455575
803,0.025891162393629357
804,0.02589418592590785
805,0.025897898337418238
806,0.025921772184919104
807,0.025946397298048263
808,0.025947491119512216
809,0.02595603090086027
810,0.02595791799907334
811,0.025960007772210258
812,0.02597785102633
813,0.025980720249867518
814,0.025981747082586604
815,0.02598258540927246
816,0.025997473023311148
817,0.02599912576306212
818,0.02601424817543143
819,0.02604032948616324
820,0.026071690590833155
821,0.02607500786686657
822,0.026076258474924365
823,0.02611072587360235
824,0.026112943837114447
825,0.026113843469390833
826,0.02612567760773049
827,0.026229353405524448
828,0.02624732463311528
829,0.02625054492825055
830,0.026258249848107717
831,0.026270248541090516
832,0.026307690706406928
833,0.026338416799003547
834,0.02634574759107586
835,0.02639972393215375
836,0.026419221998300997
837,0.0264345556177988
838,0.02643875137827652
839,0.02646391904273086
840,0.026464971538898464
841,0.026476160204850142
842,0.026496246619083084
843,0.026517624109926557
844,0.0265316273889655
845,0.026537349961959784
846,0.026541872188702718
847,0.026546151217010504
848,0.026556665773135583
849,0.02656169274300782
850,0.026564626490724403
851,0.026573749394953345
852,0.026587708222423605
853,0.026603351514663125
854,0.026611510072791538
855,0.026614437352111296
856,0.026623704477019616
857,0.02663087398098272
858,0.026637381373148455
859,0.026664674143375974
860,0.026691737249341794
861,0.026739152177529528
862,0.02674987212761226
863,0.02675551197463502
864,0.02676384569876348
865,0.026766884620713458
866,0.02677303774144582
867,0.026773291339488584
868,0.02678511199364763
869,0.0267862935388276
870,0.02678630073126365
871,0.026790648313960524
872,0.026793578012849154
873,0.026802305008619593
874,0.026810128707215344
875,0.026857663869650945
876,0.02686421354639553
877,0.02687883170588782
878,0.02690448867349203
879,0.02691522922111483
880,0.026916191347019742
881,0.026918590550886745
882,0.02691898411835288
883,0.026922123688746996
884,0.02694360769391007
885,0.026976508912605987
886,0.026982409156914976
887,0.026989329496599202
888,0.027043547621111937
889,0.027044452340017757
890,0.027050735217906345
891,0.027051349055552752
892,0.02706787008535999
893,0.027075947736861155
894,0.02708177735257392
895,0.02708327505886366
896,0.02709159872105077
897,0.027095493574292022
898,0.027103978855480375
899,0.02711471071976928
900,0.027135569290244157
901,0.02719336337768372
902,0.027206656497175134
903,0.027232953793117097
904,0.027241025533721527
905,0.027242994183346015
906,0.027264734523833028
907,0.027275471374065323
908,0.02729743540593358
909,0.027300000542462382
910,0.027316296136947946
911,0.027352960745420648
912,0.027384292473297895
913,0.02739306963989674
914,0.02741522283742346
915,0.027431282358460447
916,0.027469465139587868
917,0.027496719526163654
918,0.027500301323731362
919,0.027503925340956477
920,0.0275099075745293
921,0.02751856214671668
922,0.02751860843925386
923,0.02752787252214338
924,0.027538769214962067
925,0.02757174838333987
926,0.02757338880425799
927,0.027575531189341508
928,0.027613173998657817
929,0.027634672232722535
930,0.02763831566943604
931,0.02768015606775734
932,0.027712387999530307
933,0.027742526701984356
934,0.027768801829220226
935,0.027769476058211673
936,0.02777095870622127
937,0.027780725074496984
938,0.027793339774730846
939,0.02782138376846013
940,0.027832957997758888
941,0.027851140647021454
942,0.02786279868933509
943,0.02788470850964194
944,0.027912811148940675
945,0.02791389045654537
946,0.027930440778003943
947,0.027932161538977807
948,0.02793248372182549
949,0.027932621846350248
950,0.027935049969759023
951,0.02794270817293288
952,0.02800301744448358
953,0.028019907780029305
954,0.028057813006841098
955,0.02806018043250532
956,0.02807238183485121
957,0.028116543021170403
958,0.028117033224410684
959,0.028124473302061626
960,0.02812610812634588
961,0.028133497332149433
962,0.028146751321629956
963,0.02814995800400613
964,0.0281513743670082
965,0.028177376262149494
966,0.028184359110427132
967,0.028207927443210375
968,0.02821032818805492
969,0.028212518700504348
970,0.028225918741060025
971,0.02822862453705977
972,0.02823009673735266
973,0.02823795294656506
974,0.0282923351643241
975,0.02829628083701007
976,0.028306067222157432
977,0.028331295281342355
978,0.02834042216452262
979,0.02835310460692166
980,0.028382788544942434
981,0.028384121716810838
982,0.028388462724394638
983,0.02840179093455229
984,0.028404248642892226
985,0.028426829631976343
986,0.0284382068740596
987,0.02844772011738643
988,0.028465971219455384
989,0.028465992346865674
990,0.028487912162017664
991,0.028494043680723058
992,0.028496978508543935
993,0.02850277428660985
994,0.028503588307661573
995,0.028506444320040764
996,0.02850683688556541
997,0.028508988992853895
998,0.0285118240005821
999,0.028523085264961605
1000,0.028544578312408142
1001,0.028565638346580227
1002,0.028589156805527722
1003,0.028599272078722374
1004,0.028631675827611773
1005,0.028680325066431065
1006,0.02868885988048141
1007,0.028709466170887044
1008,0.028710914389477923
1009,0.028712432239399968
1010,0.028730899283251454
1011,0.028751199214001197
1012,0.028773146018012345
1013,0.02880224363691213
1014,0.028806792989139116
1015,0.028827260289481977
1016,0.028829663030410065
1017,0.028835588949992774
1018,0.028857361012807958
1019,0.02886572892216228
1020,0.028870421384711308
1021,0.028890111863994494
1022,0.028894574011091044
1023,0.0288966113282143
1024,0.02891024432905789
1025,0.028912094968461245
1026,0.028919809657533393
1027,0.02892144453761121
1028,0.02896717091736902
1029,0.028972397266715563
1030,0.029014338359244597
1031,0.02902678720573205
1032,0.029030908630654877
1033,0.029078800499215567
1034,0.02908027197496364
1035,0.02909156239286299
1036,0.029128404911286838
1037,0.029128815521914958
1038,0.029154815514927795
1039,0.0291680130561333
1040,0.029189684248978224
1041,0.02919479801886323
1042,0.02922205374427733
1043,0.029239284656784725
1044,0.029276604561217823
1045,0.029301586377515648
1046,0.0293192972093889
1047,0.02934787473307451
1048,0.029359439504900837
1049,0.029359654482743004
1050,0.02939782477250249
1051,0.029417656427605125
1052,0.029439290905683497
1053,0.029444622181655847
1054,0.029456264364584026
1055,0.02946175145246805
1056,0.029475676027179286
1057,0.02948737493979547
1058,0.029491884768847006
1059,0.02952600165339162
1060,0.029526377547706494
1061,0.02956383006111123
1062,0.029579319318138373
1063,0.029579608039543667
1064,0.029583753991803567
1065,0.02958611519590581
1066,0.029588529032228212
1067,0.029623175020311775
1068,0.029649178460450867
1069,0.029654545810224427
1070,0.029665673350219968
1071,0.029671327729552503
1072,0.029671423124308538
1073,0.029695697206529075
1074,0.02969709196753714
1075,0.029728705194112793
1076,0.029731873820835735
1077,0.02973970769760973
1078,0.029749434747526084
1079,0.029756894706967116
1080,0.029767915438169805
1081,0.02976897692329904
1082,0.029787835130267084
1083,0.029794344669407252
1084,0.029802896968269762
1085,0.029804809737773538
1086,0.029814127215636522
1087,0.029840530891189283
1088,0.029851095472041702
1089,0.029863738893930635
1090,0.029873097154294422
1091,0.0298864308721117
1092,0.02989592972103438
1093,0.02991539749365027
1094,0.029916554988499936
1095,0.02995621918887192
1096,0.029970094706189394
1097,0.029981508373715528
1098,0.030000530841937278
1099,0.030020426597665732
1100,0.03004540476049564
1101,0.03004942914313932
1102,0.030058737415496837
1103,0.030070172470627397
1104,0.030079379802822374
1105,0.03008250276050509
1106,0.030085274083510978
1107,0.030108803497811084
1108,0.030130158132384142
1109,0.03015192214090855
1110,0.030153743328361956
1111,0.030167185702333493
1112,0.03017030892825414
1113,0.030195839757507236
1114,0.030210280694296023
1115,0.030220026801264555
1116,0.030227450274796754
1117,0.03025701484566858
1118,0.030263283206398227
1119,0.03027135783376866
1120,0.030289315247169005
1121,0.03033165171985737
1122,0.03033786039277729
1123,0.030343191505829287
1124,0.030352399614200398
1125,0.030360051437767054
1126,0.030371941413393343
1127,0.030374613289521044
1128,0.03038279604641017
1129,0.03042989566613165
1130,0.03044996936884297
1131,0.03046821258004418
1132,0.030515057841771866
1133,0.0305211533905872
1134,0.030522104543944863
1135,0.03055609630276006
1136,0.030566788265359666
1137,0.03057192245076654
1138,0.030572750022596542
1139,0.030589755364291104
1140,0.030593494318812583
1141,0.030615241632171403
1142,0.030619073969324725
1143,0.03062041992689783
1144,0.03062345511792012
1145,0.030636092006257012
1146,0.03063669047087357
1147,0.030683354797117438
1148,0.030712998855092467
1149,0.030722818312856434
1150,0.030733270204914034
1151,0.03074062947239926
1152,0.030751720287574582
1153,0.03075316995934028
1154,0.030790361902098176
1155,0.030800309096298377
1156,0.03086292676129135
1157,0.030877619637405068
1158,0.03088432326093824
1159,0.030885395704297356
1160,0.03090339820044104
1161,0.03094568651339969
1162,0.03096602809337759
1163,0.030972435780619284
1164,0.03097699032226864
1165,0.030984284998263837
1166,0.0309886104873358
1167,0.030998937177289857
1168,0.031010209537734063
1169,0.03106786318874738
1170,0.031122162841712417
1171,0.031127923504425378
1172,0.031134385554420954
1173,0.031151876200035598
1174,0.031153586730422313
1175,0.031159676139454497
1176,0.03116372858481672
1177,0.0311739538690984
1178,0.031177455471142805
1179,0.03125999210076421
1180,0.031273182454814696
1181,0.03128146779935894
1182,0.031295757492120845
1183,0.03131028772993259
1184,0.03132637162951613
1185,0.03136786668837856
1186,0.03137177269602363
1187,0.0313802710409591
1188,0.0314003117813222
1189,0.03141789562264613
1190,0.03143282011371998
1191,0.0314348398480999
1192,0.031453383944417664
1193,0.031504138071800816
1194,0.03150463036150023
1195,0.031506799579382655
1196,0.031518062828614524
1197,0.03152743204545681
1198,0.03154040979803412
1199,0.031556551105697016
1200,0.031577164502224135
1201,0.03158454053183118
1202,0.03158885621906321
1203,0.031695950186541665
1204,0.03172215215268485
1205,0.03173661540805646
1206,0.03175318415286761
1207,0.03176429319161751
1208,0.0317752094154276
1209,0.03178834287987883
1210,0.03180455141470961
1211,0.031838852534416595
1212,0.031848777473267316
1213,0.03185378716521769
1214,0.03187354821416772
1215,0.031926017541044766
1216,0.03193086063904333
1217,0.03196669327368469
1218,0.0319756406484027
1219,0.03203134744263268
1220,0.03204418466466599
1221,0.03205184681964656
1222,0.032054965174384414
1223,0.03207381187819523
1224,0.03207550862594295
1225,0.03208546290028882
1226,0.03208573291412878
1227,0.03208993645835927
1228,0.032097573135219604
1229,0.03210204494488284
1230,0.0321092891701417
1231,0.03211133114285379
1232,0.032136518154013805
1233,0.03214527796744096
1234,0.03217953504818386
1235,0.03218136666558046
1236,0.03220524791305719
1237,0.03222478342199683
1238,0.032269526033289586
1239,0.032290575316047426
1240,0.03229233385365901
1241,0.032328125721944614
1242,0.03233394045074675
1243,0.03235678215219034
1244,0.03236340478108595
1245,0.032384634831813516
1246,0.03238965079101532
1247,0.03240016009080372
1248,0.03245474448362564
1249,0.03248034520657348
1250,0.03248713262674322
1251,0.032510032680005026
1252,0.03253003017655207
1253,0.032541012594307986
1254,0.032565356722925494
1255,0.03259462357989683
1256,0.03259969596777236
1257,0.032637008177786794
1258,0.032655157391504326
1259,0.03266211972665403
1260,0.032666612204100075
1261,0.0326716647727474
1262,0.03268270966018291
1263,0.03270474561945863
1264,0.03271552803587201
1265,0.03272753686574891
1266,0.0327384066896643
1267,0.03274496150387756
1268,0.032769848736456934
1269,0.03277581560576656
1270,0.03280112612800516
1271,0.032809742643875046
1272,0.032817207183381054
1273,0.03284654397751387
1274,0.03284657689818942
1275,0.03284864562508777
1276,0.032856693287314005
1277,0.032875386013744984
1278,0.03294424859714827
1279,0.032971854586857786
1280,0.032982752265675805
1281,0.032983527676543244
1282,0.033040639087908885
1283,0.03304906912743168
1284,0.03306018872638131
1285,0.03306776794799262
1286,0.03307568168876517
1287,0.03310543236121317
1288,0.03312026263758301
1289,0.033125837033173074
1290,0.03314709647903879
1291,0.033169421428279465
1292,0.03316951684467442
1293,0.03317205764574634
1294,0.03318893107949605
1295,0.033193932119065905
1296,0.03320013710980635
1297,0.0332003255973015
1298,0.03320061000079453
1299,0.03321310993099628
1300,0.033234012202182216
1301,0.03324248274918665
1302,0.03326322387274444
1303,0.03327423074392702
1304,0.03327505843757712
1305,0.03329509390493365
1306,0.03330961445270485
1307,0.033312523733315016
1308,0.03333176120727243
1309,0.033355777930420764
1310,0.03335856970632133
1311,0.03337609463743447
1312,0.033406594631425576
1313,0.03340785745180334
1314,0.033425180611524795
1315,0.0334437100345587
1316,0.03345191856582106
1317,0.033455024241680016
1318,0.03347707846961934
1319,0.03350362589363448
1320,0.03351027907752993
1321,0.03355720951834276
1322,0.03357150466878992
1323,0.03358799134361396
1324,0.033591958431460046
1325,0.03361872835957329
1326,0.03362646291776513
1327,0.03363096775605296
1328,0.03364003675289809
1329,0.033655448843035514
1330,0.033655980245260904
1331,0.033669655750967156
1332,0.0336743299506726
1333,0.03367569987492762
1334,0.03369261764240912
1335,0.03371889850675747
1336,0.033799632670166085
1337,0.03381150567581713
1338,0.03383273055993457
1339,0.033850053735182295
1340,0.03385758794642101
1341,0.03386968252425256
1342,0.03388420018925706
1343,0.0338905606993807
1344,0.03389404805568595
1345,0.0339187764033238
1346,0.03393690213299559
1347,0.03395637335418673
1348,0.03396080485531901
1349,0.03398014364454919
1350,0.03398556902371702
1351,0.034042569941909184
1352,0.03404884040172068
1353,0.03406218863938572
1354,0.03409357572464333
1355,0.034110143829237466
1356,0.03416392652023693
1357,0.03422225635864077
1358,0.0342364130005606
1359,0.0342441638014739
1360,0.034258902360399676
1361,0.034272969874946255
1362,0.03427702217981932
1363,0.03431245606226334
1364,0.034319066613667466
1365,0.03436361148810376
1366,0.034373184329524915
1367,0.03438108564190873
1368,0.03439141225518258
1369,0.034412917648610895
1370,0.03441661342427305
1371,0.034417364807033106
1372,0.03441827417196049
1373,0.03442336661936849
1374,0.03442967293862803
1375,0.03445186990485313
1376,0.03454608037607588
1377,0.03462593453182579
1378,0.03463104831106681
1379,0.03463166627477081
1380,0.03468167846624674
1381,0.03469515294628703
1382,0.03470264860002634
1383,0.03470609339994958
1384,0.034733799063111324
1385,0.03473828812139552
1386,0.03475207777410726
1387,0.03475429710953064
1388,0.03477425195184367
1389,0.034784109795293096
1390,0.034788581967298005
1391,0.03479921223546975
1392,0.03480113541867957
1393,0.034839211713401035
1394,0.03486656994117412
1395,0.034877335983330426
1396,0.034910151072212174
1397,0.03491106098062485
1398,0.03493089310553829
1399,0.034938020770845665
1400,0.034939732878342636
1401,0.03495548448487847
1402,0.03496797405649164
1403,0.03497417654425645
1404,0.03499323725470053
1405,0.03499480378479623
1406,0.03499636661230404
1407,0.03500430728022994
1408,0.035004450868717285
1409,0.035014559496537305
1410,0.03504103715845953
1411,0.03504112592468317
1412,0.03504746822309294
1413,0.03505708848640674
1414,0.035072434944181226
1415,0.03512935798409196
1416,0.035131279968732
1417,0.035146419125034634
1418,0.035168309904584555
1419,0.03516994324295772
1420,0.03517468490361395
1421,0.03518353303241888
1422,0.03520465447918606
1423,0.03521059770967616
1424,0.03521146920402947
1425,0.03522158067391772
1426,0.035257441132870944
1427,0.035258479992189944
1428,0.03527492627181037
1429,0.03533865001308563
1430,0.035372359695368644
1431,0.03540992256290973
1432,0.035413246464218145
1433,0.035420410097421036
1434,0.035470393991811004
1435,0.03547619508035365
1436,0.03551505116111122
1437,0.03552897014701527
1438,0.03554231631003925
1439,0.03554275371869393
1440,0.035551868778352654
1441,0.03557997009666896
1442,0.03560891168005857
1443,0.03563654320552945
1444,0.03564544333890219
1445,0.0356621554781184
1446,0.0357023366498298
1447,0.03570430114210198
1448,0.0357086096641526
1449,0.03573626977876381
1450,0.035743151960261635
1451,0.035747086351324404
1452,0.0357760263114617
1453,0.03577948478314978
1454,0.03578426117374002
1455,0.03578870042742312
1456,0.035812584620612965
1457,0.03582461182367249
1458,0.03582582998701937
1459,0.03582924802153846
1460,0.035865501454893714
1461,0.03588327676576619
1462,0.035891806611902936
1463,0.03590207736749212
1464,0.035937673667813606
1465,0.03595234689671971
1466,0.035981393272388994
1467,0.03598917022358413
1468,0.036022919796485496
1469,0.03606097138822212
1470,0.03609858033952302
1471,0.036141259724630004
1472,0.036162080352132676
1473,0.03616442323420831
1474,0.03617093825778833
1475,0.03617864594694798
1476,0.03619194031273086
1477,0.03619218699966258
1478,0.03621933158488696
1479,0.03622732188924369
1480,0.036271487290623926
1481,0.03627650572154254
1482,0.036285028042733966
1483,0.036286545701134175
1484,0.03633919467683118
1485,0.036363819124086566
1486,0.03642701007925394
1487,0.03643571769576281
1488,0.03645286941033458
1489,0.03647925447657343
1490,0.03649099227835435
1491,0.036493849587186676
1492,0.036512030406833804
1493,0.03655743858437211
1494,0.036624241677887914
1495,0.03662856257363424
1496,0.03664108579350585
1497,0.036641189472144224
1498,0.03667635946883016
1499,0.03672015463370182
1500,0.036732295218829265
1501,0.03673661212912158
1502,0.03676194263450266
1503,0.03677097342755653
1504,0.036784540720002895
1505,0.03678788868254579
1506,0.03681609137493092
1507,0.036825829198368965
1508,0.03689738688409646
1509,0.03690942098580569
1510,0.03691178812240486
1511,0.03692799005098899
1512,0.03694282781936626
1513,0.036944135574035496
1514,0.03697269038603469
1515,0.03709453936066013
1516,0.037118194566088246
1517,0.03714134592902834
1518,0.03715288352091978
1519,0.03716424582932257
1520,0.037169853866955795
1521,0.0371900167058476
1522,0.03719190059511498
1523,0.03721075763188971
1524,0.03721369042953397
1525,0.037227597136515786
1526,0.03726031487416788
1527,0.037302471544324665
1528,0.03734386871652577
1529,0.03746030636066615
1530,0.03749308055380318
1531,0.037503521570851066
1532,0.03756735235489912
1533,0.03760851286436385
1534,0.03764631174266906
1535,0.037662150131770024
1536,0.03768842146804951
1537,0.037700668507416525
1538,0.03770565599540048
1539,0.03773585316705128
1540,0.0377536749480678
1541,0.03781653094685733
1542,0.03788316574000634
1543,0.03788900018466352
1544,0.03800152532467968
1545,0.038013549829629324
1546,0.03801648732042303
1547,0.03804095261541391
1548,0.03806597751628975
1549,0.03811236358640545
1550,0.03811371868374495
1551,0.038122809278854954
1552,0.038172934217345286
1553,0.03819254443844145
1554,0.038193497055586105
1555,0.03823595814638456
1556,0.03824161754197292
1557,0.03837413766394595
1558,0.03841454510089852
1559,0.0384150519172667
1560,0.03843722174369473
1561,0.03848812119501929
1562,0.038529003885059455
1563,0.03855164887199123
1564,0.038561427844938274
1565,0.03858285239165746
1566,0.03862613166161485
1567,0.03863550997640714
1568,0.038656562025160913
1569,0.03867313695331661
1570,0.03867702424605089
1571,0.03869081081225488
1572,0.03869819338158191
1573,0.038725904650289744
1574,0.038753099269789835
1575,0.03879740365805382
1576,0.038802103255759564
1577,0.038855912939731195
1578,0.03886869355824219
1579,0.03888116337071407
1580,0.03889193938778849
1581,0.03889265566363357
1582,0.038892844845459455
1583,0.03891118508285558
1584,0.0389192824855912
1585,0.03892778253744757
1586,0.03893335376482501
1587,0.03893780105436985
1588,0.03893998975003071
1589,0.03895119002085786
1590,0.03895687571067727
1591,0.038957409457436205
1592,0.038963827885701796
1593,0.038994960265516306
1594,0.03900808116871203
1595,0.03903314937602023
1596,0.039047625539029844
1597,0.039129166701212595
1598,0.03919442641247132
1599,0.03919672946614773
1600,0.03921684684767978
1601,0.039248838744292074
1602,0.039258538290513456
1603,0.0393237551699239
1604,0.03935505149354657
1605,0.039378016873032405
1606,0.039378891197244345
1607,0.03945293687960613
1608,0.039497997492595305
1609,0.039510770121883726
1610,0.039538695071076047
1611,0.03954192501580905
1612,0.03954523037993736
1613,0.03956744802034664
1614,0.039602238101379784
1615,0.03960292480513915
1616,0.039607717658008676
1617,0.039632976830594434
1618,0.039649131491818694
1619,0.0396744431684018
1620,0.039706494853204155
1621,0.03974153601837287
1622,0.03975586010202297
1623,0.03976131787152104
1624,0.03977873754338143
1625,0.03979792563629108
1626,0.039841620711010925
1627,0.03984862981176933
1628,0.03987324766641207
1629,0.03987676310208152
1630,0.03988744766082649
1631,0.0399349677939854
1632,0.03994400937279103
1633,0.039976911828381034
1634,0.03998442086898909
1635,0.04006764351208964
1636,0.04007417484211982
1637,0.04010202808383251
1638,0.040111470737708516
1639,0.04011217921536467
1640,0.04015631226757393
1641,0.04016200684433849
1642,0.04019281790114358
1643,0.04022366283016657
1644,0.04024394822817387
1645,0.04024629987879311
1646,0.040266232223454795
1647,0.04029316735723106
1648,0.040308172458879306
1649,0.04035921987240432
1650,0.04037136398183435
1651,0.04044500336943622
1652,0.040447637448197946
1653,0.040448495144761606
1654,0.04049546838551335
1655,0.04049801052214281
1656,0.04054067838403065
1657,0.040553363094365524
1658,0.040574151283089555
1659,0.04057859067159204
1660,0.040605855287530045
1661,0.04062847849024914
1662,0.040642137088011655
1663,0.04066709967327302
1664,0.04067016871138588
1665,0.04069082160875315
1666,0.040748778395744624
1667,0.04075123874046007
1668,0.04076515686876434
1669,0.04079115667025241
1670,0.04081197281188289
1671,0.04086787362302782
1672,0.04087053151239537
1673,0.04088262805630882
1674,0.040927660835673924
1675,0.040930498978585514
1676,0.0409643561315763
1677,0.04097518137192097
1678,0.0409882355102382
1679,0.04099082383841279
1680,0.040995080593777204
1681,0.04101666842038515
1682,0.04104387906564974
1683,0.041051601952594906
1684,0.04105236957833005
1685,0.04105855123685493
1686,0.04107139016415043
1687,0.041080487181595585
1688,0.04109641204113653
1689,0.04112282304033982
1690,0.04115103181178513
1691,0.04115677698916056
1692,0.041178080937262385
1693,0.041194275811105255
1694,0.04119954322042522
1695,0.04124413318457288
1696,0.04125994089072793
1697,0.04131367215727102
1698,0.04134036222429038
1699,0.04138147082792346
1700,0.04143977668540387
1701,0.04145041636499218
1702,0.041462155237191475
1703,0.041490221714638544
1704,0.041495916419018584
1705,0.04149795638544637
1706,0.04163640828975469
1707,0.041674801497761246
1708,0.04169118852840025
1709,0.04171147667412968
1710,0.04171957289350911
1711,0.04172570110923435
1712,0.04172830935290539
1713,0.04173116063538566
1714,0.04177393522181846
1715,0.04178813508144104
1716,0.041843217576459646
1717,0.0418727226059336
1718,0.04193990943893582
1719,0.04199318056276403
1720,0.04199852505772271
1721,0.04201542278142262
1722,0.04208731376924641
1723,0.04212458371323393
1724,0.04216719544323106
1725,0.04223114028992344
1726,0.042251123785736436
1727,0.04232812262121503
1728,0.04233537482698874
1729,0.04241825001101325
1730,0.04242689292230245
1731,0.042431722092400544
1732,0.04247420595347927
1733,0.042475535149622705
1734,0.04250336560238283
1735,0.04251003597829116
1736,0.042511511321758046
1737,0.04251377294931267
1738,0.042528884033524464
1739,0.04254570461343944
1740,0.04258842828056088
1741,0.04259677511217922
1742,0.04261168494422042
1743,0.042620077174500275
1744,0.04262030581682506
1745,0.04263602386632227
1746,0.0426744897852451
1747,0.04273277152168559
1748,0.04273507706759308
1749,0.0427393667255059
1750,0.04281247475542581
1751,0.042828923134608815
1752,0.04292363091218465
1753,0.042931760891281964
1754,0.042979460143520686
1755,0.042985902170692314
1756,0.042994860890402026
1757,0.04301368420367276
1758,0.0430201408536902
1759,0.04302470623246284
1760,0.04305942825292599
1761,0.043220570690097125
1762,0.04324120751212192
1763,0.043243652216848914
1764,0.04324454766710325
1765,0.043254637892810116
1766,0.043270683668452686
1767,0.043288228294870626
1768,0.043292104540202735
1769,0.043298574837907465
1770,0.04338273847404952
1771,0.04338653099979135
1772,0.04340332122758701
1773,0.0434120248684889
1774,0.043432318467514275
1775,0.04348884126445491
1776,0.043490568985024465
1777,0.043510155324849524
1778,0.043561169505245356
1779,0.0435672345458524
1780,0.04357327512761124
1781,0.043597760440507526
1782,0.04361223319083971
1783,0.04363129536185986
1784,0.04365221573992118
1785,0.043660010917486815
1786,0.04367356111444648
1787,0.04367500759175834
1788,0.04368503797974244
1789,0.0437007925691824
1790,0.043825044376308055
1791,0.04384369605396116
1792,0.04387190163116
1793,0.043896822523252846
1794,0.043919292292906746
1795,0.04395002691835014
1796,0.043965413798480235
1797,0.04398847872643486
1798,0.0440088387428302
1799,0.04403964292038802
1800,0.044054314317456086
1801,0.04405509318539315
1802,0.044065761095267865
1803,0.04412761009725227
1804,0.04414228394680203
1805,0.044154553249148264
1806,0.04417931113861979
1807,0.04418343997255605
1808,0.044196515345413454
1809,0.04426404137856606
1810,0.04430267229526702
1811,0.044302868541537435
1812,0.044319434089790964
1813,0.04433530434116497
1814,0.04436267013307018
1815,0.044414263086823676
1816,0.04449300636491476
1817,0.044661820927051794
1818,0.04467136392547651
1819,0.04468179366980155
1820,0.04470152468962178
1821,0.04477599035741432
1822,0.044818456270116346
1823,0.04482775556993028
1824,0.04497809987720671
1825,0.04502174968296353
1826,0.04508149178882118
1827,0.045096536637098804
1828,0.045143805644271985
1829,0.045168265602676526
1830,0.04526428566267363
1831,0.04528083312885084
1832,0.045294682105609926
1833,0.04533600152970385
1834,0.04539067210985853
1835,0.04543072680314602
1836,0.04552626280289169
1837,0.045547508691406786
1838,0.04576452898883647
1839,0.04587543152263477
1840,0.04588918424583988
1841,0.045960510599554166
1842,0.045976245842750355
1843,0.046000394067558646
1844,0.046046934262211126
1845,0.0460575466512276
1846,0.0461179008187397
1847,0.04613504117841462
1848,0.04614545664266602
1849,0.046147295619873935
1850,0.04617150019427561
1851,0.046178205367176
1852,0.04620517443663308
1853,0.04622093995732768
1854,0.046256635291875584
1855,0.04633504859944434
1856,0.04634058827989486
1857,0.04639163397775468
1858,0.04643265252713633
1859,0.046491772712414225
1860,0.04650997845416649
1861,0.046605455341195916
1862,0.046637137729660834
1863,0.04664485316905104
1864,0.046666312444780776
1865,0.04666752793503215
1866,0.04682571864860046
1867,0.04685872126861147
1868,0.04686156449776271
1869,0.046894016090558766
1870,0.046898890307344815
1871,0.04690263546893776
1872,0.046991293257745086
1873,0.04700835182263048
1874,0.047142733771461415
1875,0.0472196651620048
1876,0.047281257298707094
1877,0.04729714374282803
1878,0.04733145801883858
1879,0.047335368363510634
1880,0.04734686152665912
1881,0.04740386475524516
1882,0.04740702577678865
1883,0.04745036447059423
1884,0.04746322875132444
1885,0.04756842974369342
1886,0.0475827257020292
1887,0.04758531200580457
1888,0.047594024164610275
1889,0.04762837141291193
1890,0.047710045465721954
1891,0.04778035705565903
1892,0.04781692733532096
1893,0.047868411516957574
1894,0.04786956325049117
1895,0.047884372720821786
1896,0.04789637043479209
1897,0.04801237544444497
1898,0.048019856412230985
1899,0.048036752488633615
1900,0.04804273815375242
1901,0.048104385095140346
1902,0.048108374918850366
1903,0.048142621003157846
1904,0.04843608137477686
1905,0.048572925994931085
1906,0.04870477999749846
1907,0.048712142498621484
1908,0.0487441264594557
1909,0.04875902977917435
1910,0.04877904715904292
1911,0.04882558088287364
1912,0.04882916704588164
1913,0.048853411937966044
1914,0.0489374220511909
1915,0.04899112194938368
1916,0.049124267476917345
1917,0.04915084939059569
1918,0.04916520807784535
1919,0.049200576151120924
1920,0.0492037529541412
1921,0.04920920211587396
1922,0.04927070812924973
1923,0.04927483679252251
1924,0.049298021977058806
1925,0.049374608448269006
1926,0.049421273265090396
1927,0.049458868867496654
1928,0.04954304932989525
1929,0.04957675756558304
1930,0.04967094487456512
1931,0.049684923437300695
1932,0.04980353529290502
1933,0.04983214104518006
1934,0.04985628477255903
1935,0.0499237006568404
1936,0.050149090552376326
1937,0.050220635936341684
1938,0.05022827787072769
1939,0.05025484275315906
1940,0.05032193031133263
1941,0.05036982769094417
1942,0.050373411505087506
1943,0.05039785019502245
1944,0.050401508587753024
1945,0.0504051891857134
1946,0.05044806265071572
1947,0.05051737642157486
1948,0.05064827718538303
1949,0.05065422110509513
1950,0.05070731725279698
1951,0.05077890060210862
1952,0.05089593834170731
1953,0.05094536246696715
1954,0.05098362924132614
1955,0.051012942733902514
1956,0.05103228278213306
1957,0.051124080994623386
1958,0.051188817647904145
1959,0.05130010570123782
1960,0.051305202145428594
1961,0.051331908195691875
1962,0.05138694100712483
1963,0.051558090510945676
1964,0.051654037407312565
1965,0.051687803953280514
1966,0.05168946989061675
1967,0.05175071369662253
1968,0.051824598073661535
1969,0.051845258525251056
1970,0.05189694526548404
1971,0.051900965485239016
1972,0.0519100191146519
1973,0.05192879541521879
1974,0.051948452686759676
1975,0.051965873347356355
1976,0.0520023911145283
1977,0.052029558436902566
1978,0.052054794272761835
1979,0.0521037121518702
1980,0.05214345593737887
1981,0.05218904853434008
1982,0.05223028915633091
1983,0.052254416527223485
1984,0.05230855617207677
1985,0.05232788781593824
1986,0.052372194533039276
1987,0.052396682985235025
1988,0.052397989482168096
1989,0.05244602876819075
1990,0.05249161361010247
1991,0.05256648792641196
1992,0.052605679051761535
1993,0.0526352894825717
1994,0.052728616564532496
1995,0.052763953402691396
1996,0.05277360720733462
1997,0.0528259004633561
1998,0.05283041149526756
1999,0.05284924046353651
2000,0.052865227975889426
2001,0.052894966333132995
2002,0.05294468506241562
2003,0.0530366775258057
2004,0.05317330795638436
2005,0.0532491194209434
2006,0.05333285405572531
2007,0.05336447649662776
2008,0.053443318388112046
2009,0.053558973941631616
2010,0.05357264007077232
2011,0.05360262304374621
2012,0.05361585706008687
2013,0.053658852293473794
2014,0.05367644790763355
2015,0.05377416136403838
2016,0.053820489275897575
2017,0.05384161287802774
2018,0.0538495062653545
2019,0.0538796305399507
2020,0.054017635368492634
2021,0.05430386689592576
2022,0.05439063302942033
2023,0.05453920612571835
2024,0.054553416455840935
2025,0.05473730906717025
2026,0.054896225448159745
2027,0.05501339233006757
2028,0.055024044926272664
2029,0.05505070616946713
2030,0.055146307044079974
2031,0.0551513427240039
2032,0.05519025234076789
2033,0.05520736923129461
2034,0.05536114512607671
2035,0.055363537174896484
2036,0.055438897837161126
2037,0.05544735054594448
2038,0.0554489032348634
2039,0.0555159796349443
2040,0.055621395924502305
2041,0.055639741550080946
2042,0.05570909334665564
2043,0.05571591031638965
2044,0.05587891022922518
2045,0.05595493578366657
2046,0.05613992295048354
2047,0.05632149274565822
2048,0.0563831042405324
2049,0.05639621050286682
2050,0.056539295297848256
2051,0.056651840150967255
2052,0.056662846846392875
2053,0.056664415655046964
2054,0.05671092437543674
2055,0.05673329158446515
2056,0.056762720664033435
2057,0.056772598667843927
2058,0.05677846327286728
2059,0.056902584482522264
2060,0.057158174366940845
2061,0.05720043346843688
2062,0.057323977816591876
2063,0.05735209194348444
2064,0.057450415968709125
2065,0.05751384007401613
2066,0.05759369404754016
2067,0.05764821926093894
2068,0.05769896303885061
2069,0.057705736891909595
2070,0.0577222037981826
2071,0.05778984010447725
2072,0.05780290860994209
2073,0.057810678439820615
2074,0.057938169488612114
2075,0.057979034896940417
2076,0.05804760512018481
2077,0.058093007591710696
2078,0.05827244656694837
2079,0.05831628799909379
2080,0.05834081353002234
2081,0.05840779204472997
2082,0.058408756876868966
2083,0.05842987500460096
2084,0.05843457529899915
2085,0.05850401318975716
2086,0.058509045064562976
2087,0.058542485611389444
2088,0.05857337840879481
2089,0.0585811722607032
2090,0.0586227582418706
2091,0.05862451805052305
2092,0.05864500517838236
2093,0.05869785897307982
2094,0.058720056057198135
2095,0.05872832490729904
2096,0.05884772434772127
2097,0.058877131528985764
2098,0.058936039223796595
2099,0.058960249906151015
2100,0.05899128834193977
2101,0.05905125436546044
2102,0.059088263247873654
2103,0.05910270844447134
2104,0.059146663075504466
2105,0.05925113494090491
2106,0.0593151329156759
2107,0.05933763175926293
2108,0.05944407541806728
2109,0.05946155482592785
2110,0.059494550725507384
2111,0.059524864403938144
2112,0.059533151790750166
2113,0.059594735185939204
2114,0.05985845500051011
2115,0.05999055690422967
2116,0.06003913328984669
2117,0.06004211169930037
2118,0.060091316432483145
2119,0.060108584341283695
2120,0.06014561272520975
2121,0.060186893359387726
2122,0.06036912698274826
2123,0.060480950674960586
2124,0.06057771585099015
2125,0.06058228959433302
2126,0.0608852551576678
2127,0.06096773397508278
2128,0.06099144670086936
2129,0.06105074354497713
2130,0.06105733897718347
2131,0.06120989538114636
2132,0.061245630571233965
2133,0.06138906328619562
2134,0.06144846202497598
2135,0.06145812977571564
2136,0.06152399432570688
2137,0.06155547039950602
2138,0.06158124367704948
2139,0.06159489835370586
2140,0.06160822791779625
2141,0.06175684238656565
2142,0.06180903025109095
2143,0.06191346252649138
2144,0.06196933069891197
2145,0.06200971634199401
2146,0.06204146170032688
2147,0.062064691582754225
2148,0.06206600292942289
2149,0.06209533019559671
2150,0.06210333024578207
2151,0.062107069566265834
2152,0.062111764419064734
2153,0.06222273741503518
2154,0.062291460885453405
2155,0.06231491348160983
2156,0.06233725388639212
2157,0.06234530054263311
2158,0.06243334866306338
2159,0.06244436856312676
2160,0.06253007631579986
2161,0.0625452780791437
2162,0.06255229443314972
2163,0.06263343778175309
2164,0.06263898731375717
2165,0.0626475525705612
2166,0.06273770987504157
2167,0.06278056427510965
2168,0.06281449119811372
2169,0.06285683679271958
2170,0.06288598913641047
2171,0.06293518283218343
2172,0.06300506465820693
2173,0.0630723536044599
2174,0.06330455194862576
2175,0.06330792189206874
2176,0.06331155052197877
2177,0.06332403669054926
2178,0.06336073743165525
2179,0.06336448835593697
2180,0.06341851452897557
2181,0.06348055407028369
2182,0.06348845149831814
2183,0.06351867980398941
2184,0.06370434916777692
2185,0.0637487777650328
2186,0.0640330473767978
2187,0.06403376169387108
2188,0.0640610926675832
2189,0.06413558525628851
2190,0.06416744559114303
2191,0.06417343043657059
2192,0.06418611833997774
2193,0.06431118938170748
2194,0.0643388919541303
2195,0.06436145595487022
2196,0.0644230282052507
2197,0.064492770670205
2198,0.06449498216720898
2199,0.06450402394653962
2200,0.06453045873275949
2201,0.06462122393169968
2202,0.06472059402526437
2203,0.06472934156799302
2204,0.06475055276599641
2205,0.06477411542394049
2206,0.06481947414617892
2207,0.06482823670773685
2208,0.0648298925040104
2209,0.06489401735033826
2210,0.06491874725720564
2211,0.06497411290403547
2212,0.06511956508130087
2213,0.06519377627092104
2214,0.06525793710210946
2215,0.0653311523552859
2216,0.06543117560002497
2217,0.06552349368349845
2218,0.06554147680809572
2219,0.06554402451302488
2220,0.06554678682808444
2221,0.06563464607825106
2222,0.06572841292773313
2223,0.06580194206741355
2224,0.06609482813932024
2225,0.06637933237870929
2226,0.06644254637199311
2227,0.06644394523116007
2228,0.06645540229159727
2229,0.06646488148042863
2230,0.06655501507819388
2231,0.06662026011697356
2232,0.06667905674935405
2233,0.06675102494962308
2234,0.06682600065254514
2235,0.0668264486821017
2236,0.06684220340808009
2237,0.0669343156285557
2238,0.06693625823076031
2239,0.06698580786975285
2240,0.06702196664132944
2241,0.06709837901534342
2242,0.06714143409171784
2243,0.06725002200831998
2244,0.0672925323002856
2245,0.06734176326026853
2246,0.06740233812556111
2247,0.06746225151550982
2248,0.06749142847734879
2249,0.06759799080863471
2250,0.06764341495464551
2251,0.06765474733251972
2252,0.06768853121344141
2253,0.06773197679734275
2254,0.06773419272898709
2255,0.06779722206524869
2256,0.06790553738086143
2257,0.06792234302419824
2258,0.06794423170188729
2259,0.06795973865499638
2260,0.06796963601048206
2261,0.06797262467021156
2262,0.06801543382213389
2263,0.06813661059579437
2264,0.06817023669625273
2265,0.06818198119763191
2266,0.0684602108332133
2267,0.06846625321448808
2268,0.06847264041867972
2269,0.06848836033911285
2270,0.06849802270454833
2271,0.06858698037334744
2272,0.0686526377598968
2273,0.06866617133293125
2274,0.06874080126075062
2275,0.0687475195311146
2276,0.06875716743346331
2277,0.06882896320055369
2278,0.06895598596496648
2279,0.06899061567315187
2280,0.0690977568871693
2281,0.06910047066154622
2282,0.06914427711615287
2283,0.06917112432375691
2284,0.06932737728026105
2285,0.06942015434609339
2286,0.06945344027190738
2287,0.0694881409508027
2288,0.06958410709953951
2289,0.06959548373999061
2290,0.0696839031720315
2291,0.06980548972208424
2292,0.06982327981141868
2293,0.06995647523888733
2294,0.06996278703150435
2295,0.0700361309683028
2296,0.07007365863895608
2297,0.07007894527222569
2298,0.07010317681415175
2299,0.07019245085890906
2300,0.07022088887740867
2301,0.0702788472871791
2302,0.07030940623765897
2303,0.07031555855602399
2304,0.07038050562633479
2305,0.07077120491340318
2306,0.07087807626206427
2307,0.07091062178085505
2308,0.07092854153334471
2309,0.07097458257197212
2310,0.07102054394234543
2311,0.07113706411230507
2312,0.07120680521391869
2313,0.07121788069763363
2314,0.07122198545710526
2315,0.07122914407857363
2316,0.07124173700224612
2317,0.07125857032628947
2318,0.07134402327316638
2319,0.07143238663246483
2320,0.07151733596804777
2321,0.07166361510996336
2322,0.07173871898751784
2323,0.07182241914680401
2324,0.07195649636780127
2325,0.07219683035597442
2326,0.07235792140499733
2327,0.07237277134974991
2328,0.07239898187606827
2329,0.07260229206018225
2330,0.07262226099108308
2331,0.07262260084654375
2332,0.07263659022959237
2333,0.07268411488520629
2334,0.07274961813263937
2335,0.07275856056125607
2336,0.07278131060033996
2337,0.07279878868597214
2338,0.07284105742518558
2339,0.07286831316420517
2340,0.0729507340532515
2341,0.07298525535803937
2342,0.07301634578862781
2343,0.07310752250408929
2344,0.07323351712243137
2345,0.07326612315297365
2346,0.07327288559790229
2347,0.0734577910612313
2348,0.07352790799837107
2349,0.07369946282288073
2350,0.07374601034088324
2351,0.07375846401632048
2352,0.07383172668704938
2353,0.07389743035316383
2354,0.07397090687031842
2355,0.07401659793236529
2356,0.07404109316744747
2357,0.07417371631998008
2358,0.07423585108191558
2359,0.07432861326065243
2360,0.07440496063431092
2361,0.07444667595598113
2362,0.07448266563171631
2363,0.0745230690780627
2364,0.07456825149175085
2365,0.07472131548301565
2366,0.0747527149969173
2367,0.07477492841106352
2368,0.07478342928264552
2369,0.07481584606730181
2370,0.07483280300091699
2371,0.07491432026446476
2372,0.07501881601934061
2373,0.0752414684111388
2374,0.07525777534394013
2375,0.07526975800575736
2376,0.07560032811783386
2377,0.0756475390028562
2378,0.07573737085571512
2379,0.075779901082064
2380,0.07578458919410627
2381,0.0758102578123753
2382,0.07582266418892313
2383,0.07585504378738583
2384,0.07592621707809895
2385,0.07596420102123046
2386,0.07604030785565359
2387,0.0760608817399365
2388,0.07606193362695392
2389,0.07610019882273861
2390,0.07636454354386282
2391,0.076434310300197
2392,0.0764477821703164
2393,0.07655374248176328
2394,0.0765551999328612
2395,0.07665140429552471
2396,0.07671487971497626
2397,0.07677827171288663
2398,0.07705711447297399
2399,0.07714096732632371
2400,0.0772564369037018
2401,0.07729410280471814
2402,0.07731796026017496
2403,0.07741267454439697
2404,0.07748532356486694
2405,0.07748541227943909
2406,0.07750505868360576
2407,0.07756156448022451
2408,0.07759984489307761
2409,0.07761875920581908
2410,0.07765464912496248
2411,0.07767263553420341
2412,0.07783169514921523
2413,0.07791103573285901
2414,0.07796269081969766
2415,0.07801139460691922
2416,0.07835007581850982
2417,0.0784235672150969
2418,0.07844619777817179
2419,0.07845461354818284
2420,0.07847658768420106
2421,0.07856237781257139
2422,0.07857992562656686
2423,0.07866085287031395
2424,0.07874101134764952
2425,0.07879491781922211
2426,0.07893381113779303
2427,0.07904501451602254
2428,0.0790776473869971
2429,0.0793030803121141
2430,0.07946923905467904
2431,0.07963561244446139
2432,0.079685337895093
2433,0.07982412968692373
2434,0.0798924274824713
2435,0.0799924315507208
2436,0.08000677681786218
2437,0.0802817512568176
2438,0.08036721862891132
2439,0.08039213502562313
2440,0.08041748444314036
2441,0.08042695485669792
2442,0.08047580814632513
2443,0.08048852078596953
2444,0.08052882109580001
2445,0.08057580626074624
2446,0.08067603292741006
2447,0.08075298266845465
2448,0.08078357636882971
2449,0.0807853430245713
2450,0.08085866567811664
2451,0.08086483852384689
2452,0.08092579504820668
2453,0.080938817707725
2454,0.08097938188843203
2455,0.08103171248871878
2456,0.08112466311073471
2457,0.08112475072474717
2458,0.08119776625560285
2459,0.08120852833871267
2460,0.08133978783070338
2461,0.0814991465902956
2462,0.08154929718753694
2463,0.08158252592060813
2464,0.08171602676306502
2465,0.08179183604565914
2466,0.08181239893576699
2467,0.08182195075312321
2468,0.08184760521280136
2469,0.08187290896477573
2470,0.08190939434095551
2471,0.08197398946593934
2472,0.08207515068218672
2473,0.08225514380302072
2474,0.08248772278080545
2475,0.0826554989980708
2476,0.08282084401318063
2477,0.0828442989049713
2478,0.0828722440693799
2479,0.0830264891137902
2480,0.0834599303180052
2481,0.08352021530577161
2482,0.08355824811119153
2483,0.08364879019749301
2484,0.0837512012890527
2485,0.08378615554090652
2486,0.08380085797907968
2487,0.08392780341667937
2488,0.0840513176791005
2489,0.0840541205065439
2490,0.08420778595663533
2491,0.08477471567759479
2492,0.0848219866544371
2493,0.0848831656835583
2494,0.08493976882434717
2495,0.08507438331932211
2496,0.08512895662704115
2497,0.08515296916335062
2498,0.08520312142416217
2499,0.0853109852411411
2500,0.08544126758500262
2501,0.0855191430243
2502,0.08557464972691722
2503,0.08559492968877737
2504,0.08565838068858106
2505,0.08568209175457053
2506,0.08585541843714595
2507,0.08591405463086933
2508,0.08606262996925855
2509,0.08609942278004379
2510,0.08614278669096169
2511,0.08646346609480574
2512,0.08647885960194689
2513,0.08656060309349611
2514,0.08665292924672963
2515,0.08666279016536013
2516,0.08668436413323609
2517,0.08672298241254035
2518,0.08672493993993712
2519,0.08686449545573097
2520,0.08707466610173002
2521,0.08712593801080183
2522,0.08731411625978057
2523,0.08732187148508787
2524,0.08740620394632843
2525,0.08746139208314252
2526,0.08756490310745757
2527,0.08771338883538424
2528,0.08785978215974387
2529,0.08811766880545555
2530,0.08828493616578972
2531,0.08831838145028226
2532,0.08835183820789555
2533,0.08858121406694948
2534,0.08892835299990078
2535,0.08893786890476447
2536,0.08941641976986753
2537,0.08963330448990516
2538,0.08979603512824798
2539,0.08979786845574307
2540,0.08990440267620614
2541,0.08991155496592652
2542,0.0899258787749164
2543,0.08993225836342796
2544,0.08997852605126139
2545,0.09008340832937602
2546,0.09013394870268757
2547,0.09052992695208625
2548,0.09073319435074041
2549,0.0907481139689099
2550,0.09074892513208166
2551,0.09085300604728476
2552,0.09090799544609705
2553,0.0909750543472114
2554,0.09098639243802335
2555,0.0910555444513714
2556,0.09107637056666877
2557,0.09113042041455767
2558,0.09113822093897575
2559,0.0911560671833524
2560,0.0911987099899492
2561,0.09120160652022531
2562,0.09127922806852944
2563,0.09131220506595435
2564,0.09140080261781869
2565,0.09155068329085311
2566,0.09190412471744851
2567,0.09197891140809547
2568,0.09201323222915218
2569,0.09202511315017814
2570,0.09207506029008852
2571,0.09218242279716077
2572,0.09230660493068654
2573,0.09239027108410974
2574,0.09243127430144611
2575,0.09248862735339547
2576,0.09251626081232853
2577,0.0925514714024328
2578,0.0926300054707299
2579,0.09301641651258932
2580,0.0931086637195719
2581,0.09335092482522815
2582,0.09344378815857668
2583,0.09355976154289042
2584,0.0937592496722606
2585,0.09415711145016441
2586,0.09430924151920121
2587,0.09460309893134858
2588,0.09474122868059612
2589,0.09476584960751747
2590,0.09527326732321921
2591,0.09529405154389996
2592,0.09538491296315574
2593,0.09551057968020678
2594,0.09553304095581633
2595,0.09575208753258099
2596,0.0959179841922104
2597,0.0959694117526197
2598,0.09601716691659513
2599,0.09609416210072906
2600,0.09623992993844871
2601,0.09624582077290672
2602,0.09625015370457267
2603,0.09693828311362825
2604,0.0972469411109299
2605,0.09752065349296886
2606,0.09762993167317652
2607,0.09770298511782703
2608,0.09770930716322787
2609,0.09809776662139484
2610,0.09820481866236835
2611,0.09839483083527828
2612,0.0985460301876046
2613,0.09894129890618801
2614,0.0990454842281456
2615,0.09906274045261224
2616,0.09926699235751174
2617,0.09979044126047844
2618,0.10006104546481408
2619,0.10006756630677356
2620,0.10018806071116033
2621,0.10077382537081483
2622,0.10079422751258572
2623,0.1013996573597888
2624,0.1016345025261192
2625,0.10197537928601388
2626,0.10220423721172302
2627,0.10222361917238812
2628,0.10235917214464245
2629,0.10252639277190301
2630,0.10272763414845895
2631,0.1029508644007369
2632,0.10319309948560937
2633,0.10335226726227555
2634,0.10350402206182102
2635,0.10355383196564648
2636,0.10424387476505652
2637,0.1046556776447253
2638,0.1059229739085769
2639,0.10611020820230146
2640,0.10657394688718554
2641,0.10674833396090422
2642,0.10675071527715436
2643,0.10695142763667967
2644,0.10700068023909952
2645,0.10737096360302774
2646,0.1074523251468463
2647,0.10835697607688109
2648,0.10870980934569141
2649,0.10990996835103063
2650,0.11084664668930275
2651,0.11088463101816128
2652,0.11139350486702404
2653,0.11151381088304418
2654,0.11276216839194489
2655,0.1132272012302526
2656,0.11343876592277638
2657,0.11399592187839272
2658,0.11419379822909582
2659,0.11420446115476131
2660,0.11429269930661322
2661,0.1145974358606059
2662,0.1149226046376651
2663,0.1153219684731594
2664,0.11606907820187408
2665,0.11661456935644225
2666,0.1167745632171065
2667,0.11712678598035124
2668,0.11714912937720695
2669,0.11724609962381156
2670,0.11930558196303749
2671,0.12075440803982046
2672,0.12449951820557134
2673,0.12487053773564735
2674,0.1249423398488022
2675,0.12531414763232718
2676,0.1272912165596426
2677,0.12761872743771308
2678,0.1285013359239984
2679,0.12934587127488026
2680,0.13048594426911245
2681,0.13298558227526353
2682,0.1341755237210278
2683,0.13483231842866814
2684,0.13829139379364122
2685,0.13953178464648783
2686,0.14070928554738432
2687,0.1425031345037497
